Technologie,Nettonennleistung (elektrische Wirkleistung) in MW,Cluster
Sonne,24329.03036,1
Onshore-Wind,12672.3857,1
Sonne,11365.16269,0
Sonne,10896.44095,0
Onshore-Wind,8771.86797,1
Onshore-Wind,8710.99084,1
Sonne,7902.960074,0
Onshore-Wind,7422.1266,1
Offshore-Wind,7093.468,1
Sonne,6941.061773,0
Onshore-Wind,5418.4676,0
Sonne,4577.625266,0
Sonne,4388.526812,0
Sonne,4253.451118,0
Erdgas,4233.0,1
Sonne,4125.466553,0
Onshore-Wind,4022.1588,0
Sonne,3940.709733,0
Onshore-Wind,3775.00232,0
Sonne,3422.210245,0
Onshore-Wind,2651.285945,0
Sonne,2605.655662,0
Onshore-Wind,2586.68663,0
Biomasse,1904.20028,1
Biomasse,1845.34634,1
Onshore-Wind,1833.370209,0
Onshore-Wind,1823.063443,0
Kernkraft,1410.0,0
Kernkraft,1410.0,0
Kernkraft,1402.0,0
Onshore-Wind,1363.79033,0
Kernkraft,1360.0,0
Kernkraft,1336.0,1
Kernkraft,1310.0,1
Kernkraft,1288.0,1
Kernkraft,1284.0,1
Kernkraft,1275.0,1
Offshore-Wind,1227.475,0
Kohle,1060.0,0
Kohle,1060.0,0
Kohle,1052.0,0
Sonne,948.271605,0
Kohle,944.0,0
Kohle,891.0,0
Kohle,891.0,0
Kohle,875.0,0
Kohle,868.0,0
Kohle,840.0,0
Kohle,834.0,0
Biomasse,825.18992,0
Kohle,800.0,0
Kohle,800.0,0
Kohle,794.0,0
Biomasse,779.29116,0
Kohle,778.0,0
Kohle,765.0,0
Kohle,763.7,0
Kohle,755.0,0
Kohle,755.0,0
Kohle,746.0,0
Kohle,726.0,0
Kohle,726.0,0
Kohle,725.0,0
Kohle,720.0,0
Kohle,715.0,0
Kohle,695.0,0
Kohle,695.0,0
Kohle,690.0,0
Kohle,676.0,0
Kohle,663.0,0
Erdgas,657.0,0
Kohle,656.0,0
Kohle,655.6,0
Kohle,648.0,0
Biomasse,637.4095,0
Kohle,630.0,0
Kohle,628.0,0
Kohle,614.0,0
Kohle,607.0,0
Kohle,604.0,0
Erdgas,595.0,0
Erdgas,580.0,0
Erdgas,576.0,0
Onshore-Wind,544.6372,0
Kohle,522.0,0
Kohle,517.0,0
Kohle,514.0,0
Kohle,500.0,0
Kohle,500.0,0
Kohle,500.0,0
Kohle,500.0,0
Kohle,500.0,0
Kohle,500.0,0
Kohle,500.0,0
Kohle,500.0,0
Kohle,472.0,0
Kohle,460.0,0
Erdgas,452.9,0
Kohle,450.0,0
Kohle,450.0,0
Erdgas,445.0,0
Erdgas,445.0,0
Erdgas,444.5,0
Kohle,435.0,0
Kohle,433.0,0
Erdgas,433.0,0
Erdgas,431.0,0
Erdgas,430.0,0
Kohle,425.0,0
Biomasse,419.4338,0
Erdgas,417.0,0
Erdgas,387.0,0
Erdgas,383.0,0
Biomasse,380.30486,0
Biomasse,378.82075,0
Kohle,370.0,1
Erdgas,359.0,0
Erdgas,359.0,0
Erdgas,355.0,0
Erdgas,355.0,0
Erdgas,355.0,0
Kohle,352.0,1
Kohle,350.0,1
Kohle,345.0,1
Kohle,345.0,1
Kohle,345.0,1
Kohle,345.0,1
Kohle,345.0,1
Erdgas,340.0,0
Erdgas,335.0,0
Erdgas,333.0,0
Sonne,329.464714,0
Kohle,324.0,1
Kohle,323.0,1
Kohle,323.0,1
Kohle,322.0,1
Erdgas,321.0,0
Kohle,321.0,1
Kohle,321.0,1
Kohle,318.0,1
Erdgas,310.0,0
Kohle,310.0,1
Erdgas,308.0,0
Erdgas,308.0,0
Offshore-Wind,305.475,0
Kohle,303.0,1
Kohle,303.0,1
Biomasse,302.89135,0
Erdgas,300.0,0
Kohle,299.0,1
Kohle,297.0,1
Kohle,295.0,1
Kohle,295.0,1
Kohle,294.0,1
Kohle,294.0,1
Erdgas,293.5,0
Erdgas,293.5,0
Kohle,293.0,1
Erdgas,293.0,0
Kohle,292.0,1
Erdgas,291.3,0
Kohle,284.0,1
Kohle,284.0,1
Kohle,283.0,1
Kohle,282.0,1
Kohle,282.0,1
Erdgas,282.0,0
Erdgas,282.0,0
Erdgas,282.0,0
Erdgas,280.0,0
Kohle,280.0,1
Kohle,278.0,1
Erdgas,266.0,0
Biomasse,258.31806,0
Kohle,255.0,1
Erdgas,250.0,0
Kohle,249.0,1
Biomasse,248.0,0
Erdgas,239.0,0
Offshore-Wind,224.1,0
Biomasse,218.3547,0
Biomasse,211.80616,0
Kohle,211.0,1
Erdgas,204.0,0
Erdgas,204.0,0
Onshore-Wind,202.914,0
Kohle,202.5,1
Kohle,202.5,1
Erdgas,200.0,0
Erdgas,200.0,0
Erdgas,194.0,0
Erdgas,190.0,0
Erdgas,189.5,0
Kohle,186.0,1
Erdgas,185.0,0
Erdgas,184.0,0
Erdgas,184.0,0
Kohle,179.0,1
Erdgas,173.0,0
Erdgas,165.5,0
Erdgas,164.0,0
Erdgas,164.0,0
Erdgas,155.0,0
Kohle,154.0,1
Sonne,152.080757,0
Kohle,152.0,1
Kohle,152.0,1
Kohle,149.0,1
Kohle,148.0,1
Erdgas,147.0,0
Erdgas,146.3,0
Erdgas,146.3,0
Erdgas,144.0,0
Erdgas,144.0,0
Erdgas,144.0,0
Kohle,140.0,1
Erdgas,139.7,0
Kohle,138.5,1
Kohle,138.5,1
Kohle,138.0,1
Erdgas,137.0,0
Kohle,137.0,1
Kohle,136.0,1
Kohle,136.0,1
Kohle,136.0,1
Kohle,135.0,1
Kohle,135.0,1
Kohle,133.0,1
Kohle,133.0,1
Kohle,133.0,1
Kohle,132.0,1
Kohle,132.0,1
Kohle,131.0,1
Kohle,130.0,1
Kohle,130.0,1
Kohle,129.0,1
Kohle,129.0,1
Kohle,128.0,1
Erdgas,127.6,0
Erdgas,127.0,0
Kohle,127.0,1
Erdgas,126.0,0
Onshore-Wind,125.4998,0
Kohle,125.0,1
Kohle,125.0,1
Kohle,125.0,1
Kohle,125.0,1
Kohle,124.0,1
Kohle,124.0,1
Kohle,123.0,1
Erdgas,121.0,0
Kohle,120.0,1
Kohle,119.0,1
Erdgas,116.0,0
Kohle,116.0,1
Sonne,115.600246,0
Erdgas,115.0,0
Erdgas,114.0,0
Kohle,113.0,1
Erdgas,112.719,0
Erdgas,112.0,0
Erdgas,110.755,0
Kohle,110.0,1
Erdgas,110.0,0
Erdgas,108.2,0
Erdgas,108.0,0
Kohle,106.0,1
Erdgas,105.978,0
Erdgas,103.0,0
Erdgas,101.0,0
Erdgas,101.0,0
Erdgas,100.0,0
Erdgas,100.0,0
Erdgas,98.1,0
Kohle,98.0,1
Erdgas,97.9,0
Erdgas,97.9,0
Kohle,96.0,1
Kohle,95.0,1
Kohle,95.0,1
Kohle,95.0,1
Biomasse,94.515,0
Kohle,93.0,1
Kohle,92.332,1
Erdgas,90.784,0
Erdgas,90.0,0
Erdgas,89.5,0
Erdgas,89.389,0
Erdgas,89.116,0
Kohle,89.0,1
Erdgas,88.11,0
Kohle,85.0,1
Erdgas,84.0,0
Erdgas,83.0,0
Erdgas,82.0,0
Erdgas,81.0,0
Erdgas,80.0,0
Erdgas,80.0,0
Erdgas,79.7,0
Erdgas,78.302,0
Erdgas,78.157,0
Erdgas,78.0,0
Erdgas,77.567,0
Kohle,75.3,1
Erdgas,75.2,0
Erdgas,75.2,0
Erdgas,75.185,0
Erdgas,74.0,0
Erdgas,74.0,0
Erdgas,73.5,0
Erdgas,72.46,0
Erdgas,72.4156,0
Erdgas,72.0,0
Erdgas,72.0,0
Erdgas,71.5,0
Biomasse,71.0,0
Erdgas,70.0,0
Erdgas,70.0,0
Kohle,70.0,1
Erdgas,68.41,0
Kohle,68.4,1
Kohle,67.0,1
Erdgas,66.7,0
Erdgas,66.321,0
Erdgas,66.02,0
Erdgas,65.0,0
Erdgas,65.0,0
Erdgas,64.7,0
Erdgas,64.603,0
Erdgas,63.54,0
Erdgas,63.5,0
Kohle,63.0,1
Erdgas,62.0,0
Erdgas,62.0,0
Erdgas,62.0,0
Kohle,61.5,1
Kohle,61.5,1
Erdgas,61.127,0
Kohle,61.0,1
Kohle,61.0,1
Kohle,60.4,1
Erdgas,60.0,0
Erdgas,60.0,0
Erdgas,60.0,0
Kohle,60.0,1
Erdgas,59.8,0
Erdgas,58.681,0
Erdgas,58.5,0
Kohle,58.172,1
Erdgas,58.0,0
Erdgas,58.0,0
Erdgas,58.0,0
Erdgas,58.0,0
Erdgas,57.322,0
Erdgas,57.2,0
Erdgas,57.144,0
Erdgas,57.0,0
Erdgas,56.845,0
Erdgas,56.0,0
Erdgas,56.0,0
Erdgas,56.0,0
Kohle,56.0,1
Erdgas,56.0,0
Erdgas,56.0,0
Erdgas,55.77,0
Kohle,55.56,1
Erdgas,55.4,0
Erdgas,55.3,0
Erdgas,55.014,0
Erdgas,55.0,0
Erdgas,55.0,0
Erdgas,55.0,0
Erdgas,55.0,0
Erdgas,55.0,0
Erdgas,55.0,0
Erdgas,54.832533,0
Erdgas,54.0,0
Erdgas,54.0,0
Kohle,54.0,1
Erdgas,54.0,0
Biomasse,53.7,0
Erdgas,53.6,0
Erdgas,53.481,0
Biomasse,53.1,0
Erdgas,53.0,0
Erdgas,53.0,0
Erdgas,53.0,0
Erdgas,53.0,0
Erdgas,52.768,0
Erdgas,52.7,0
Erdgas,52.496,0
Erdgas,52.451,0
Erdgas,52.0,0
Erdgas,52.0,0
Erdgas,51.9,0
Erdgas,51.35,0
Erdgas,51.0,0
Erdgas,50.1,0
Erdgas,50.0,0
Kohle,50.0,1
Erdgas,50.0,0
Erdgas,49.8,0
Erdgas,49.8,0
Sonne,49.68216,0
Erdgas,49.4,0
Erdgas,49.4,0
Biomasse,49.2,0
Biomasse,48.9,0
Erdgas,47.0,0
Erdgas,47.0,0
Erdgas,46.5,0
Erdgas,46.5,0
Biomasse,46.5,0
Biomasse,46.0,0
Erdgas,46.0,0
Kohle,45.99,1
Erdgas,45.8,0
Biomasse,45.762,0
Kohle,45.189,1
Erdgas,45.07,0
Erdgas,45.0,0
Erdgas,45.0,0
Kohle,45.0,1
Kohle,45.0,1
Kohle,45.0,1
Kohle,45.0,1
Erdgas,44.975,0
Erdgas,44.975,0
Erdgas,44.975,0
Kohle,44.5,1
Erdgas,44.328,0
Erdgas,43.412,0
Erdgas,40.9,0
Erdgas,40.9,0
Erdgas,40.428,0
Biomasse,40.4,0
Erdgas,40.2,0
Erdgas,40.0,0
Erdgas,39.7,0
Erdgas,39.5,0
Erdgas,39.186,0
Erdgas,39.137,0
Erdgas,39.12,0
Erdgas,39.078,0
Erdgas,39.0,0
Erdgas,39.0,0
Erdgas,39.0,0
Erdgas,39.0,0
Erdgas,38.774,0
Erdgas,38.6102,0
Erdgas,38.498,0
Erdgas,38.4,0
Erdgas,38.34,0
Erdgas,38.2,0
Erdgas,38.2,0
Biomasse,38.0,0
Erdgas,37.6,0
Biomasse,37.5,0
Erdgas,37.5,0
Erdgas,37.5,0
Erdgas,37.5,0
Erdgas,37.104,0
Erdgas,37.104,0
Erdgas,37.104,0
Erdgas,37.104,0
Erdgas,37.104,0
Erdgas,37.104,0
Erdgas,37.104,0
Erdgas,37.104,0
Erdgas,37.0,0
Erdgas,37.0,0
Erdgas,37.0,0
Erdgas,36.8,0
Erdgas,36.23,0
Biomasse,36.0,0
Erdgas,36.0,0
Erdgas,36.0,0
Erdgas,36.0,0
Erdgas,35.98,0
Erdgas,35.7,0
Erdgas,35.45,0
Erdgas,35.2,0
Kohle,35.0,1
Erdgas,35.0,0
Erdgas,34.4,0
Erdgas,34.4,0
Erdgas,34.4,0
Erdgas,34.4,0
Erdgas,34.4,0
Erdgas,34.4,0
Erdgas,34.4,0
Erdgas,34.4,0
Erdgas,34.4,0
Erdgas,34.4,0
Erdgas,34.4,0
Biomasse,34.0,0
Erdgas,34.0,0
Erdgas,34.0,0
Biomasse,33.6,0
Kohle,33.5,1
Erdgas,33.0,0
Erdgas,33.0,0
Kohle,32.9,1
Kohle,32.9,1
Biomasse,32.32,0
Erdgas,32.2,0
Biomasse,32.0,0
Biomasse,32.0,0
Erdgas,32.0,0
Erdgas,32.0,0
Erdgas,32.0,0
Erdgas,31.552,0
Erdgas,31.15,0
Erdgas,31.1,0
Kohle,31.0,1
Erdgas,31.0,0
Erdgas,31.0,0
Erdgas,30.7,0
Erdgas,30.64926,0
Erdgas,30.16,0
Biomasse,30.0,0
Biomasse,30.0,0
Biomasse,30.0,0
Erdgas,30.0,0
Erdgas,30.0,0
Erdgas,29.941,0
Biomasse,29.9,0
Erdgas,29.67,0
Erdgas,29.55,0
Erdgas,29.5,0
Erdgas,29.49,0
Erdgas,29.304,0
Biomasse,29.2,0
Erdgas,29.2,0
Erdgas,29.0,0
Biomasse,28.904,0
Erdgas,28.5,0
Biomasse,28.448,0
Erdgas,28.448,0
Erdgas,28.0,0
Erdgas,28.0,0
Erdgas,28.0,0
Biomasse,28.0,0
Kohle,28.0,1
Erdgas,27.93,0
Erdgas,27.6,0
Erdgas,27.6,0
Erdgas,27.5,0
Erdgas,27.47,0
Erdgas,27.2,0
Biomasse,27.2,0
Biomasse,27.2,0
Kohle,27.2,1
Kohle,27.2,1
Biomasse,27.0,0
Erdgas,27.0,0
Kohle,26.9,1
Erdgas,26.8,0
Erdgas,26.459,0
Biomasse,26.0,0
Erdgas,25.929,0
Erdgas,25.714,0
Erdgas,25.609,0
Biomasse,25.6,0
Erdgas,25.517,0
Erdgas,25.4,0
Erdgas,25.249,0
Erdgas,25.0,0
Biomasse,25.0,0
Erdgas,25.0,0
Erdgas,25.0,0
Erdgas,25.0,0
Erdgas,25.0,0
Erdgas,25.0,0
Biomasse,25.0,0
Erdgas,24.7,0
Erdgas,24.5,0
Erdgas,24.5,0
Biomasse,24.0,0
Erdgas,24.0,0
Biomasse,23.875,0
Erdgas,23.761,0
Erdgas,23.5,0
Biomasse,23.5,0
Erdgas,23.125,0
Erdgas,23.0,0
Erdgas,23.0,0
Erdgas,23.0,0
Erdgas,23.0,0
Kohle,23.0,1
Erdgas,22.86,0
Erdgas,22.7,0
Erdgas,22.61,0
Kohle,22.6,1
Erdgas,22.4,0
Erdgas,22.0,0
Biomasse,22.0,0
Erdgas,21.861,0
Erdgas,21.861,0
Erdgas,21.7,0
Biomasse,21.6497,0
Kohle,21.645,1
Biomasse,21.634,0
Erdgas,21.505,0
Erdgas,21.45,0
Erdgas,21.375,0
Biomasse,21.2,0
Biomasse,21.1,0
Erdgas,21.0,0
Erdgas,21.0,0
Erdgas,21.0,0
Erdgas,20.85,0
Erdgas,20.815,0
Biomasse,20.8,0
Biomasse,20.8,0
Biomasse,20.7139,0
Erdgas,20.7,0
Erdgas,20.543,0
Kohle,20.514,1
Erdgas,20.5,0
Erdgas,20.4,0
Kohle,20.365,1
Erdgas,20.0,0
Biomasse,20.0,0
Biomasse,20.0,0
Biomasse,20.0,0
Biomasse,20.0,0
Biomasse,20.0,0
Biomasse,20.0,0
Kohle,20.0,1
Erdgas,20.0,0
Biomasse,20.0,0
Biomasse,20.0,0
Erdgas,20.0,0
Biomasse,20.0,0
Erdgas,20.0,0
Erdgas,19.771,0
Biomasse,19.7,0
Kohle,19.5,1
Biomasse,19.5,0
Kohle,19.235,1
Erdgas,18.8,0
Biomasse,18.8,0
Biomasse,18.65,0
Biomasse,18.5,0
Biomasse,18.5,0
Biomasse,18.5,0
Kohle,18.5,1
Biomasse,18.472,0
Kohle,18.4,1
Erdgas,18.339,0
Biomasse,18.3,0
Biomasse,18.3,0
Biomasse,18.3,0
Biomasse,18.24,0
Biomasse,18.2,0
Biomasse,18.1,0
Erdgas,18.1,0
Erdgas,18.0,0
Erdgas,18.0,0
Biomasse,18.0,0
Biomasse,18.0,0
Biomasse,18.0,0
Biomasse,18.0,0
Biomasse,17.9,0
Erdgas,17.78,0
Erdgas,17.773,0
Biomasse,17.7,0
Erdgas,17.7,0
Erdgas,17.65,0
Kohle,17.572,1
Biomasse,17.523,0
Biomasse,17.5,0
Kohle,17.4,1
Erdgas,17.38,0
Erdgas,17.38,0
Kohle,17.235,1
Erdgas,17.21,0
Erdgas,17.2,0
Erdgas,17.13,0
Kohle,17.097,1
Erdgas,17.009,0
Biomasse,17.0,0
Biomasse,17.0,0
Kohle,16.958,1
Kohle,16.85,1
Erdgas,16.8,0
Biomasse,16.762,0
Onshore-Wind,16.5752,0
Erdgas,16.317,0
Erdgas,16.25143,0
Biomasse,16.245,0
Biomasse,16.245,0
Biomasse,16.0,0
Biomasse,16.0,0
Kohle,16.0,1
Erdgas,16.0,0
Kohle,15.94,1
Biomasse,15.8,0
Erdgas,15.8,0
Kohle,15.75,1
Biomasse,15.7,0
Biomasse,15.7,0
Kohle,15.638,1
Erdgas,15.596,0
Erdgas,15.5,0
Erdgas,15.36,0
Erdgas,15.36,0
Erdgas,15.29,0
Kohle,15.2,1
Biomasse,15.13,0
Erdgas,15.05,0
Erdgas,15.0,0
Kohle,15.0,1
Biomasse,15.0,0
Erdgas,15.0,0
Biomasse,15.0,0
Kohle,14.9,1
Erdgas,14.885,0
Erdgas,14.885,0
Biomasse,14.88,0
Biomasse,14.88,0
Biomasse,14.7,0
Erdgas,14.5,0
Biomasse,14.5,0
Erdgas,14.468,0
Biomasse,14.44,0
Erdgas,14.4,0
Erdgas,14.383,0
Kohle,14.2,1
Erdgas,14.18,0
Kohle,14.105,1
Erdgas,14.05,0
Erdgas,14.05,0
Biomasse,14.0,0
Erdgas,14.0,0
Erdgas,14.0,0
Erdgas,14.0,0
Erdgas,13.907,0
Biomasse,13.8597,0
Biomasse,13.85,0
Erdgas,13.84,0
Erdgas,13.8,0
Erdgas,13.76,0
Erdgas,13.6,0
Erdgas,13.52,0
Erdgas,13.5,0
Erdgas,13.49,0
Biomasse,13.3,0
Erdgas,13.3,0
Biomasse,13.3,0
Erdgas,13.288,0
Biomasse,13.212,0
Erdgas,13.21,0
Erdgas,13.167,0
Biomasse,13.0,0
Erdgas,13.0,0
Erdgas,13.0,0
Erdgas,13.0,0
Kohle,13.0,1
Erdgas,12.9,0
Biomasse,12.89,0
Biomasse,12.8294,0
Biomasse,12.8,0
Erdgas,12.8,0
Kohle,12.8,1
Erdgas,12.8,0
Erdgas,12.75,0
Erdgas,12.747,0
Erdgas,12.7314,0
Erdgas,12.7314,0
Erdgas,12.7314,0
Erdgas,12.7314,0
Erdgas,12.7314,0
Biomasse,12.712,0
Kohle,12.671,1
Kohle,12.671,1
Biomasse,12.62,0
Biomasse,12.6,0
Kohle,12.6,1
Erdgas,12.538,0
Erdgas,12.538,0
Erdgas,12.538,0
Erdgas,12.538,0
Erdgas,12.538,0
Erdgas,12.538,0
Erdgas,12.538,0
Biomasse,12.522,0
Biomasse,12.5,0
Biomasse,12.5,0
Erdgas,12.405,0
Biomasse,12.3,0
Biomasse,12.26,0
Biomasse,12.26,0
Erdgas,12.255,0
Erdgas,12.2,0
Erdgas,12.175,0
Erdgas,12.175,0
Erdgas,12.175,0
Erdgas,12.175,0
Erdgas,12.175,0
Erdgas,12.158467,0
Biomasse,12.12,0
Biomasse,12.1,0
Biomasse,12.1,0
Erdgas,12.0932,0
Erdgas,12.07,0
Biomasse,12.07,0
Erdgas,12.025,0
Biomasse,12.0,0
Biomasse,12.0,0
Erdgas,12.0,0
Erdgas,12.0,0
Erdgas,12.0,0
Biomasse,12.0,0
Biomasse,11.922,0
Erdgas,11.9,0
Erdgas,11.9,0
Erdgas,11.88,0
Erdgas,11.88,0
Biomasse,11.6,0
Erdgas,11.6,0
Erdgas,11.6,0
Erdgas,11.56,0
Erdgas,11.5,0
Erdgas,11.5,0
Erdgas,11.5,0
Erdgas,11.5,0
Erdgas,11.5,0
Erdgas,11.5,0
Erdgas,11.5,0
Erdgas,11.5,0
Erdgas,11.5,0
Biomasse,11.5,0
Erdgas,11.41,0
Erdgas,11.4,0
Biomasse,11.4,0
Erdgas,11.344,0
Biomasse,11.33,0
Erdgas,11.3,0
Erdgas,11.3,0
Erdgas,11.3,0
Biomasse,11.14,0
Erdgas,11.0,0
Biomasse,11.0,0
Biomasse,11.0,0
Erdgas,11.0,0
Erdgas,10.9,0
Erdgas,10.8,0
Biomasse,10.7,0
Biomasse,10.626,0
Biomasse,10.6,0
Biomasse,10.6,0
Erdgas,10.5,0
Biomasse,10.5,0
Erdgas,10.4,0
Erdgas,10.37,0
Erdgas,10.3584,0
Erdgas,10.3584,0
Erdgas,10.3584,0
Erdgas,10.3584,0
Erdgas,10.3584,0
Erdgas,10.323,0
Erdgas,10.283,0
Biomasse,10.222,0
Erdgas,10.208,0
Erdgas,10.2,0
Erdgas,10.2,0
Erdgas,10.2,0
Erdgas,10.2,0
Erdgas,10.2,0
Kohle,10.2,1
Erdgas,10.1,0
Erdgas,10.003,0
Biomasse,10.0,0
Biomasse,10.0,0
Erdgas,10.0,0
Erdgas,10.0,0
Erdgas,10.0,0
Biomasse,10.0,0
Biomasse,10.0,0
Erdgas,9.963,0
Erdgas,9.93,0
Erdgas,9.93,0
Erdgas,9.93,0
Erdgas,9.93,0
Erdgas,9.93,0
Erdgas,9.93,0
Erdgas,9.93,0
Erdgas,9.93,0
Erdgas,9.93,0
Erdgas,9.93,0
Kohle,9.9,1
Kohle,9.9,1
Erdgas,9.829,0
Kohle,9.8,1
Erdgas,9.8,0
Erdgas,9.76,0
Biomasse,9.76,0
Erdgas,9.717,0
Erdgas,9.717,0
Erdgas,9.717,0
Biomasse,9.7,0
Kohle,9.545,1
Erdgas,9.5,0
Erdgas,9.456,0
Erdgas,9.456,0
Erdgas,9.456,0
Erdgas,9.456,0
Erdgas,9.456,0
Erdgas,9.456,0
Erdgas,9.456,0
Erdgas,9.456,0
Erdgas,9.456,0
Erdgas,9.456,0
Erdgas,9.456,0
Erdgas,9.456,0
Erdgas,9.456,0
Erdgas,9.456,0
Erdgas,9.456,0
Erdgas,9.456,0
Erdgas,9.456,0
Erdgas,9.456,0
Erdgas,9.456,0
Erdgas,9.456,0
Biomasse,9.4,0
Erdgas,9.4,0
Biomasse,9.376,0
Erdgas,9.35,0
Erdgas,9.25,0
Erdgas,9.25,0
Biomasse,9.23,0
Erdgas,9.2,0
Kohle,9.2,1
Erdgas,9.2,0
Biomasse,9.18,0
Biomasse,9.14432,0
Erdgas,9.029,0
Erdgas,9.023,0
Erdgas,9.0,0
Erdgas,9.0,0
Erdgas,9.0,0
Erdgas,8.9,0
Erdgas,8.882,0
Erdgas,8.8105,0
Kohle,8.8,1
Kohle,8.8,1
Biomasse,8.7,0
Erdgas,8.6,0
Biomasse,8.6,0
Erdgas,8.5,0
Erdgas,8.426,0
Kohle,8.234,1
Kohle,8.2,1
Erdgas,8.13,0
Erdgas,8.0,0
Biomasse,8.0,0
Biomasse,8.0,0
Biomasse,7.97,0
Erdgas,7.9,0
Biomasse,7.8,0
Erdgas,7.8,0
Biomasse,7.8,0
Erdgas,7.8,0
Biomasse,7.72,0
Erdgas,7.662,0
Erdgas,7.6,0
Erdgas,7.6,0
Erdgas,7.558,0
Erdgas,7.558,0
Erdgas,7.5,0
Erdgas,7.5,0
Erdgas,7.5,0
Erdgas,7.482,0
Erdgas,7.428,0
Erdgas,7.37765,0
Biomasse,7.36,0
Kohle,7.225,1
Erdgas,7.2,0
Kohle,7.2,1
Erdgas,7.15,0
Erdgas,7.15,0
Erdgas,7.061,0
Erdgas,7.032,0
Biomasse,7.0,0
Erdgas,7.0,0
Erdgas,7.0,0
Erdgas,6.92,0
Biomasse,6.9,0
Biomasse,6.9,0
Erdgas,6.9,0
Biomasse,6.72,0
Biomasse,6.72,0
Erdgas,6.71,0
Erdgas,6.7,0
Erdgas,6.7,0
Erdgas,6.61039,0
Biomasse,6.6,0
Erdgas,6.528,0
Biomasse,6.5,0
Erdgas,6.5,0
Kohle,6.5,1
Biomasse,6.45,0
Erdgas,6.43,0
Erdgas,6.41,0
Erdgas,6.41,0
Erdgas,6.358,0
Erdgas,6.35,0
Erdgas,6.25,0
Erdgas,6.232,0
Erdgas,6.153,0
Erdgas,6.144,0
Kohle,6.14,1
Kohle,6.14,1
Erdgas,6.127,0
Erdgas,6.127,0
Erdgas,6.02,0
Erdgas,6.0,0
Erdgas,6.0,0
Erdgas,6.0,0
Erdgas,6.0,0
Kohle,6.0,1
Erdgas,5.874,0
Kohle,5.786,1
Kohle,5.76,1
Erdgas,5.718,0
Erdgas,5.718,0
Erdgas,5.713,0
Erdgas,5.7,0
Erdgas,5.67,0
Erdgas,5.67,0
Erdgas,5.641,0
Erdgas,5.63,0
Erdgas,5.57,0
Biomasse,5.56,0
Erdgas,5.538,0
Erdgas,5.538,0
Erdgas,5.538,0
Erdgas,5.5,0
Erdgas,5.5,0
Erdgas,5.5,0
Erdgas,5.5,0
Erdgas,5.5,0
Erdgas,5.5,0
Erdgas,5.49,0
Erdgas,5.49,0
Biomasse,5.48659,0
Kohle,5.484,1
Erdgas,5.424,0
Erdgas,5.424,0
Erdgas,5.4,0
Biomasse,5.36,0
Erdgas,5.336,0
Erdgas,5.336,0
Erdgas,5.329,0
Erdgas,5.319,0
Erdgas,5.3,0
Erdgas,5.3,0
Erdgas,5.25,0
Erdgas,5.238,0
Erdgas,5.235,0
Erdgas,5.2,0
Erdgas,5.17,0
Erdgas,5.167,0
Erdgas,5.167,0
Erdgas,5.167,0
Erdgas,5.163,0
Erdgas,5.155,0
Erdgas,5.104,0
Erdgas,5.104,0
Erdgas,5.1,0
Erdgas,5.1,0
Erdgas,5.1,0
Erdgas,5.083,0
Erdgas,5.07,0
Erdgas,5.07,0
Erdgas,5.025,0
Erdgas,5.025,0
Biomasse,5.0,0
Erdgas,5.0,0
Erdgas,5.0,0
Biomasse,5.0,0
Erdgas,5.0,0
Erdgas,4.985,0
Erdgas,4.985,0
Biomasse,4.95,0
Biomasse,4.95,0
Erdgas,4.95,0
Erdgas,4.946,0
Erdgas,4.946,0
Erdgas,4.946,0
Erdgas,4.94,0
Erdgas,4.939,0
Erdgas,4.934,0
Biomasse,4.93,0
Erdgas,4.92,0
Erdgas,4.91,0
Erdgas,4.9,0
Erdgas,4.9,0
Erdgas,4.894,0
Erdgas,4.894,0
Erdgas,4.894,0
Erdgas,4.85,0
Erdgas,4.831,0
Erdgas,4.811,0
Erdgas,4.8,0
Erdgas,4.8,0
Erdgas,4.77,0
Erdgas,4.757,0
Erdgas,4.75,0
Erdgas,4.7,0
Biomasse,4.69,0
Biomasse,4.69,0
Erdgas,4.548,0
Erdgas,4.5,0
Erdgas,4.5,0
Erdgas,4.5,0
Erdgas,4.5,0
Erdgas,4.5,0
Biomasse,4.5,0
Biomasse,4.5,0
Biomasse,4.5,0
Biomasse,4.5,0
Biomasse,4.5,0
Biomasse,4.5,0
Biomasse,4.5,0
Erdgas,4.5,0
Erdgas,4.5,0
Erdgas,4.5,0
Erdgas,4.5,0
Erdgas,4.472,0
Erdgas,4.472,0
Erdgas,4.472,0
Erdgas,4.472,0
Erdgas,4.472,0
Erdgas,4.472,0
Erdgas,4.472,0
Erdgas,4.472,0
Erdgas,4.472,0
Erdgas,4.472,0
Erdgas,4.472,0
Erdgas,4.472,0
Erdgas,4.466,0
Erdgas,4.459,0
Erdgas,4.459,0
Erdgas,4.457,0
Erdgas,4.457,0
Erdgas,4.457,0
Biomasse,4.442,0
Erdgas,4.44,0
Erdgas,4.44,0
Erdgas,4.44,0
Erdgas,4.432,0
Erdgas,4.432,0
Erdgas,4.431,0
Erdgas,4.431,0
Erdgas,4.429,0
Erdgas,4.41,0
Erdgas,4.41,0
Erdgas,4.41,0
Erdgas,4.4,0
Erdgas,4.4,0
Erdgas,4.4,0
Erdgas,4.39,0
Erdgas,4.39,0
Erdgas,4.39,0
Erdgas,4.39,0
Biomasse,4.39,0
Erdgas,4.38927,0
Erdgas,4.387,0
Erdgas,4.387,0
Erdgas,4.387,0
Erdgas,4.387,0
Erdgas,4.368,0
Erdgas,4.35,0
Erdgas,4.346,0
Erdgas,4.339,0
Erdgas,4.322,0
Erdgas,4.313,0
Erdgas,4.313,0
Biomasse,4.311,0
Erdgas,4.3,0
Erdgas,4.3,0
Erdgas,4.3,0
Erdgas,4.3,0
Biomasse,4.26,0
Biomasse,4.26,0
Erdgas,4.253,0
Erdgas,4.241,0
Erdgas,4.241,0
Erdgas,4.241,0
Erdgas,4.229,0
Erdgas,4.225,0
Erdgas,4.225,0
Erdgas,4.225,0
Erdgas,4.223,0
Erdgas,4.223,0
Erdgas,4.207,0
Erdgas,4.207,0
Erdgas,4.207,0
Erdgas,4.207,0
Erdgas,4.2,0
Erdgas,4.2,0
Erdgas,4.2,0
Erdgas,4.2,0
Erdgas,4.171,0
Erdgas,4.171,0
Erdgas,4.171,0
Erdgas,4.162,0
Erdgas,4.15,0
Erdgas,4.1353,0
Erdgas,4.13,0
Erdgas,4.13,0
Erdgas,4.13,0
Erdgas,4.119,0
Erdgas,4.119,0
Erdgas,4.1,0
Erdgas,4.09,0
Biomasse,4.08,0
Kohle,4.077,1
Erdgas,3.995,0
Biomasse,3.9,0
Erdgas,3.879,0
Erdgas,3.879,0
Erdgas,3.879,0
Erdgas,3.879,0
Erdgas,3.879,0
Erdgas,3.879,0
Erdgas,3.879,0
Erdgas,3.879,0
Erdgas,3.879,0
Erdgas,3.815651,0
Erdgas,3.815651,0
Erdgas,3.772,0
Erdgas,3.772,0
Erdgas,3.772,0
Erdgas,3.772,0
Erdgas,3.772,0
Erdgas,3.772,0
Erdgas,3.772,0
Erdgas,3.772,0
Erdgas,3.772,0
Erdgas,3.736,0
Erdgas,3.729,0
Erdgas,3.725,0
Biomasse,3.705,0
Erdgas,3.7,0
Erdgas,3.647,0
Erdgas,3.6,0
Erdgas,3.4,0
Biomasse,3.4,0
Erdgas,3.375,0
Erdgas,3.36,0
Erdgas,3.36,0
Erdgas,3.36,0
Erdgas,3.36,0
Erdgas,3.36,0
Biomasse,3.352,0
Biomasse,3.352,0
Biomasse,3.352,0
Erdgas,3.343,0
Erdgas,3.334,0
Erdgas,3.334,0
Erdgas,3.334,0
Erdgas,3.334,0
Erdgas,3.334,0
Erdgas,3.334,0
Erdgas,3.313,0
Biomasse,3.293,0
Erdgas,3.293,0
Erdgas,3.288,0
Erdgas,3.286,0
Biomasse,3.285,0
Erdgas,3.285,0
Erdgas,3.285,0
Erdgas,3.233,0
Erdgas,3.2,0
Erdgas,3.2,0
Erdgas,3.119,0
Biomasse,3.054,0
Biomasse,3.054,0
Erdgas,3.04,0
Erdgas,3.0,0
Erdgas,3.0,0
Erdgas,3.0,0
Erdgas,2.927,0
Erdgas,2.927,0
Erdgas,2.927,0
Erdgas,2.927,0
Erdgas,2.85,0
Biomasse,2.78,0
Erdgas,2.722,0
Erdgas,2.679,0
Erdgas,2.678,0
Erdgas,2.678,0
Erdgas,2.678,0
Erdgas,2.673,0
Erdgas,2.673,0
Erdgas,2.64,0
Erdgas,2.624,0
Erdgas,2.622,0
Erdgas,2.622,0
Erdgas,2.622,0
Erdgas,2.622,0
Erdgas,2.619,0
Biomasse,2.6,0
Biomasse,2.6,0
Biomasse,2.578,0
Biomasse,2.55,0
Erdgas,2.55,0
Erdgas,2.419,0
Erdgas,2.419,0
Erdgas,2.419,0
Erdgas,2.4,0
Erdgas,2.391,0
Erdgas,2.391,0
Erdgas,2.391,0
Biomasse,2.391,0
Erdgas,2.3,0
Erdgas,2.176,0
Erdgas,2.173,0
Erdgas,2.173,0
Erdgas,2.173,0
Erdgas,2.173,0
Erdgas,2.173,0
Erdgas,2.13,0
Biomasse,2.12,0
Biomasse,2.1,0
Erdgas,2.04,0
Erdgas,2.032,0
Erdgas,2.008,0
Erdgas,2.004,0
Erdgas,2.004,0
Erdgas,2.0,0
Biomasse,2.0,0
Biomasse,2.0,0
Erdgas,2.0,0
Erdgas,1.999,0
Biomasse,1.999,0
Erdgas,1.999,0
Erdgas,1.9805,0
Erdgas,1.9805,0
Erdgas,1.98,0
Erdgas,1.98,0
Erdgas,1.9758,0
Erdgas,1.97,0
Erdgas,1.97,0
Erdgas,1.97,0
Erdgas,1.97,0
Erdgas,1.97,0
Erdgas,1.968,0
Erdgas,1.968,0
Erdgas,1.968,0
Erdgas,1.968,0
Erdgas,1.968,0
Erdgas,1.968,0
Erdgas,1.968,0
Erdgas,1.957,0
Erdgas,1.95,0
Erdgas,1.95,0
Biomasse,1.93,0
Erdgas,1.899,0
Erdgas,1.84,0
Erdgas,1.84,0
Erdgas,1.8223,0
Erdgas,1.78,0
Erdgas,1.751,0
Biomasse,1.648,0
Erdgas,1.6,0
Erdgas,1.6,0
Biomasse,1.5565,0
Erdgas,1.532,0
Erdgas,1.532,0
Biomasse,1.5,0
Biomasse,1.5,0
Biomasse,1.484,0
Biomasse,1.452,0
Biomasse,1.452,0
Biomasse,1.45,0
Erdgas,1.434,0
Erdgas,1.403,0
Erdgas,1.398,0
Erdgas,1.387,0
Biomasse,1.3725,0
Biomasse,1.3725,0
Biomasse,1.3725,0
Biomasse,1.364,0
Erdgas,1.35,0
Erdgas,1.35,0
Biomasse,1.35,0
Erdgas,1.32,0
Erdgas,1.248,0
Erdgas,1.214,0
Biomasse,1.177,0
Biomasse,1.15,0
Kohle,1.133,1
Erdgas,1.1229,0
Erdgas,1.088,0
Biomasse,1.048,0
Biomasse,1.048,0
Biomasse,1.048,0
Biomasse,1.048,0
Biomasse,1.048,0
Biomasse,1.01,0
Erdgas,1.0,0
Biomasse,1.0,0
Biomasse,1.0,0
Biomasse,0.93,0
Biomasse,0.93,0
Biomasse,0.549,0
Biomasse,0.549,0
Biomasse,0.549,0
Biomasse,0.549,0
Biomasse,0.549,0
Biomasse,0.549,0
Biomasse,0.549,0
Biomasse,0.549,0
Biomasse,0.549,0
Biomasse,0.549,0
Biomasse,0.549,0
Biomasse,0.549,0
Biomasse,0.549,0
Biomasse,0.549,0
Biomasse,0.549,0
Biomasse,0.549,0
Biomasse,0.549,0
Biomasse,0.549,0
Biomasse,0.549,0
Biomasse,0.549,0
Biomasse,0.549,0
Biomasse,0.549,0
Biomasse,0.549,0
Biomasse,0.549,0
Biomasse,0.549,0
Biomasse,0.549,0
Biomasse,0.549,0
Biomasse,0.549,0
Biomasse,0.549,0
Biomasse,0.549,0
Biomasse,0.549,0
Biomasse,0.549,0
Biomasse,0.549,0
Biomasse,0.549,0
Biomasse,0.549,0
Biomasse,0.549,0
Biomasse,0.549,0
Biomasse,0.549,0
Biomasse,0.542,0
Biomasse,0.542,0
Erdgas,0.482,0
Erdgas,0.366,0
Erdgas,0.065,0
Biomasse,0.001,0
Biomasse,1e-05,0
